Country,Total_cases,New_cases,Total_deaths,New_Deaths,Total_recovered,New_recovered,Active_cases,Serious_critical,Cases/1Mpop,Deaths/1Mpop,Total_tests,Tests/1Mpop,Population,Area,Log_cases,Log_deaths,Label
USA,105285347,,1145661,,102682399.0,,1457287.0,2533.0,314467.0,3422.0,1166932082.0,3485405.0,334805269.0,North America,18.472184812625457,13.95149232097764,2
India,44686611,,530772,,44153504.0,,2335.0,,31769.0,377.0,918679922.0,653106.0,1406631776.0,Asia,17.615184484514323,13.182087829483645,2
France,39622231,,164963,,39387145.0,,70123.0,869.0,604140.0,2515.0,271490188.0,4139547.0,65584518.0,Europe,17.494900907593806,12.013476485312383,2
Germany,38168908,,168086,,37715700.0,16500.0,285122.0,,455022.0,2004.0,122332384.0,1458359.0,83883596.0,Europe,17.45753181545705,12.032231032168756,2
Brazil,37052936,,699087,,36235329.0,,118520.0,,172056.0,3246.0,63776166.0,296146.0,215353593.0,South America,17.427858150831216,13.45753047699032,2
Japan,33219038,13950.0,72486,99.0,21685717.0,762.0,11460835.0,160.0,264515.0,577.0,95253685.0,758481.0,125584838.0,Asia,17.31863370327136,11.19114871874762,2
S. Korea,30526012,12291.0,33988,11.0,30304171.0,12649.0,187853.0,145.0,594702.0,662.0,15804065.0,307892.0,51329899.0,Asia,17.23408973056464,10.433762800123432,2
Italy,25576852,,188094,,25219653.0,,169105.0,133.0,424422.0,3121.0,267663187.0,4441601.0,60262770.0,Europe,17.057198281647416,12.144697116853738,2
UK,24341615,,206246,,24091325.0,3456.0,44044.0,,355363.0,3011.0,522526476.0,7628357.0,68497907.0,Europe,17.00769799500695,12.236824910069469,2
Russia,22285908,13438.0,396137,37.0,21631409.0,16557.0,258362.0,,152846.0,2717.0,273400000.0,1875095.0,145805947.0,Europe,16.919465108428412,12.889515390002355,2
Turkey,17042722,,101492,,,,,,199186.0,1186.0,162743369.0,1902052.0,85561976.0,Asia,16.65123380839212,11.527735256623709,2
Spain,13763336,,119380,,13607068.0,,36888.0,231.0,294597.0,2555.0,471036328.0,10082298.0,46719142.0,Europe,16.437518802945657,11.690066961722641,2
Vietnam,11526926,9.0,43186,,10614777.0,8.0,868963.0,2.0,116488.0,436.0,85826548.0,867342.0,98953541.0,Asia,16.2601962478523,10.673271647634778,2
Australia,11366361,,19373,,11314814.0,,32174.0,36.0,436014.0,743.0,78835048.0,3024116.0,26068792.0,Australia/Oceania,16.246168761728452,9.871635623086945,2
Taiwan,10055439,12212.0,17975,27.0,9736050.0,20872.0,301414.0,,420931.0,752.0,30742304.0,1286903.0,23888595.0,Asia,16.123624240106537,9.796737182589247,2
Argentina,10044125,,130463,,9909866.0,,3796.0,363.0,218302.0,2836.0,35716069.0,776264.0,46010234.0,South America,16.122498444423112,11.778844940639885,2
Netherlands,8596296,,22992,,8558816.0,,14488.0,53.0,499452.0,1336.0,25984435.0,1509718.0,17211447.0,Europe,15.966841970772434,10.042901608318806,2
Iran,7568903,997.0,144858,13.0,7339457.0,92.0,84588.0,301.0,87987.0,1684.0,55034937.0,639771.0,86022837.0,Asia,15.839558700777822,11.88350923122021,2
Mexico,7451429,,332988,,6690914.0,,427527.0,,56638.0,2531.0,19572325.0,148768.0,131562772.0,North America,15.823916384042693,12.715861732277231,2
Indonesia,6736298,252.0,160916,2.0,6571845.0,153.0,3537.0,,24133.0,576.0,114158919.0,408975.0,279134505.0,Asia,15.723021073830733,11.988637768682946,2
Poland,6422467,2992.0,118898,14.0,5335940.0,,967629.0,696.0,170178.0,3150.0,38279634.0,1014305.0,37739785.0,Europe,15.67531286976691,11.686021261679537,2
Colombia,6359464,,142615,,6182304.0,,34545.0,342.0,123454.0,2769.0,36951507.0,717327.0,51512762.0,South America,15.665454655035262,11.867903970771135,2
Austria,5919616,7845.0,21891,,5840825.0,3925.0,56900.0,86.0,652896.0,2414.0,211273524.0,23302116.0,9066710.0,Europe,15.593782139891507,9.99383087243373,2
Greece,5849949,,36077,,5804980.0,1599.0,8892.0,115.0,567040.0,3497.0,102228365.0,9909078.0,10316637.0,Europe,15.58194350122132,10.493410822160769,2
Portugal,5566708,,26117,,5537790.0,,2801.0,61.0,548954.0,2575.0,45980330.0,4534294.0,10140570.0,Europe,15.532314413841009,10.17034172227647,2
Ukraine,5382095,,111175,,5265637.0,3708.0,5283.0,,124608.0,2574.0,32603805.0,754855.0,43192122.0,Europe,15.4985882615439,11.618860815378897,2
Chile,5166328,,64176,,5097447.0,,4705.0,85.0,268378.0,3334.0,48438160.0,2516243.0,19250195.0,South America,15.45767274268588,11.069384588009834,2
Malaysia,5042791,,36958,,4996585.0,,9248.0,7.0,151978.0,1114.0,68088226.0,2052020.0,33181072.0,Asia,15.433470256614886,10.51753741173737,2
Israel,4799283,,12290,,4781252.0,,5741.0,57.0,514613.0,1318.0,41373364.0,4436346.0,9326000.0,Asia,15.383977089720563,9.416541202560081,2
DPRK,4772813,,74,,4772739.0,,0.0,,183636.0,3.0,,,25990679.0,Asia,15.37844641650693,4.30406509320417,1
Thailand,4728035,,33911,,4692636.0,,1488.0,,67468.0,484.0,17270775.0,246450.0,70078203.0,Asia,15.369020240747947,10.431494724510879,2
Belgium,4717655,,33717,,4659455.0,558.0,24483.0,43.0,404315.0,2890.0,36709556.0,3146099.0,11668278.0,Europe,15.366822412070881,10.425757440186377,2
Czechia,4611001,1166.0,42436,,4558089.0,,10476.0,38.0,429458.0,3952.0,56998352.0,5308699.0,10736784.0,Europe,15.343955528061516,10.655752337579163,2
Canada,4591149,,51249,,4500536.0,1341.0,39364.0,99.0,119597.0,1335.0,66343123.0,1728207.0,38388419.0,North America,15.33964087750759,10.844451384615168,2
Peru,4486034,281.0,219439,8.0,4264598.0,264.0,1997.0,38.0,133179.0,6515.0,38041008.0,1129343.0,33684208.0,South America,15.316479573168657,12.29882956854678,2
Switzerland,4389655,,14452,,4371249.0,,3954.0,39.0,500323.0,1647.0,23833472.0,2716487.0,8773637.0,Europe,15.294761194263863,9.57858809226753,2
Philippines,4076418,121.0,66118,7.0,4001070.0,99.0,9230.0,162.0,36232.0,588.0,34603075.0,307558.0,112508994.0,Asia,15.220729219587804,11.099196303443602,2
South Africa,4063573,,102595,,3912506.0,,48472.0,192.0,66883.0,1689.0,26795090.0,441027.0,60756135.0,Africa,15.217573193822695,11.538544477587848,2
Romania,3340342,,67704,,3263301.0,3200.0,9337.0,115.0,175518.0,3558.0,26676248.0,1401701.0,19031335.0,Europe,15.021583754920432,11.122900541349942,2
Denmark,3175264,69.0,8269,4.0,3166080.0,68.0,915.0,19.0,544180.0,1417.0,129197382.0,22141986.0,5834950.0,Europe,14.97090133645849,9.020268861722167,2
Hong Kong,2883453,107.0,13460,3.0,2848855.0,1981.0,21138.0,28.0,379187.0,1770.0,76127725.0,10011143.0,7604299.0,Asia,14.874499092268906,9.50747760319872,2
Sweden,2697827,,23633,,2670647.0,70.0,3547.0,9.0,264002.0,2313.0,19469139.0,1905196.0,10218971.0,Europe,14.807957192122428,10.070399319380286,2
Serbia,2492563,,17826,,2460904.0,,13833.0,16.0,288057.0,2060.0,12396861.0,1432664.0,8653016.0,Europe,14.728822056326184,9.788413344690662,2
Iraq,2465545,,25375,,2439497.0,,673.0,21.0,58474.0,602.0,19544451.0,463523.0,42164965.0,Asia,14.717923436355642,10.141519716344089,2
Singapore,2222006,,1722,,2149583.0,,70701.0,1.0,373852.0,290.0,24756666.0,4165302.0,5943546.0,Asia,14.613920949448094,7.451241684987676,1
New Zealand,2216852,,3904,,2205354.0,,7594.0,,452585.0,797.0,7768604.0,1586011.0,4898203.0,Australia/Oceania,14.611598729491444,8.269756947532983,2
Hungary,2195926,957.0,48751,6.0,2143184.0,502.0,3991.0,13.0,228593.0,5075.0,11394556.0,1186160.0,9606259.0,Europe,14.602114383411722,10.79448098903612,2
Bangladesh,2037829,11.0,29445,,1998448.0,,9936.0,,12138.0,175.0,15254399.0,90862.0,167885689.0,Asia,14.52739558345453,10.290279395378672,2
Slovakia,1863022,133.0,21024,3.0,1840809.0,122.0,1189.0,20.0,341201.0,3850.0,7403776.0,1355955.0,5460193.0,Europe,14.43771045842436,9.953419921284338,2
Georgia,1825598,,16965,,1776548.0,,32085.0,,459995.0,4275.0,16920079.0,4263340.0,3968738.0,Asia,14.41741816255911,9.73890767721833,2
Jordan,1746997,,14122,,1731007.0,,1868.0,59.0,169597.0,1371.0,17201885.0,1669945.0,10300869.0,Asia,14.373408871885182,9.555489144076292,2
Ireland,1702523,,8629,,1692188.0,9.0,1706.0,11.0,339135.0,1719.0,13024205.0,2594360.0,5020199.0,Europe,14.347621826459338,9.062883902508307,2
Pakistan,1576999,37.0,30643,,1538689.0,,7667.0,13.0,6872.0,134.0,30570862.0,133213.0,229488994.0,Asia,14.271034231829566,10.33015953028869,2
Norway,1479032,,5112,,1473216.0,,704.0,20.0,268360.0,928.0,11002430.0,1996315.0,5511370.0,Europe,14.20689837769958,8.53934599605737,2
Finland,1462169,,8892,,1451864.0,86.0,1413.0,21.0,263219.0,1601.0,12047792.0,2168835.0,5554960.0,Europe,14.195431507686504,9.092907275084087,2
Kazakhstan,1407823,,13846,,1383020.0,,10957.0,24.0,73305.0,721.0,11575012.0,602707.0,19205043.0,Asia,14.15755509757066,9.53575166123797,2
Slovenia,1328673,435.0,7071,,1317563.0,298.0,4039.0,6.0,639389.0,3403.0,2837735.0,1365586.0,2078034.0,Europe,14.0996912577588,8.863757191604241,2
Lithuania,1305163,376.0,9589,,1289728.0,389.0,5846.0,6.0,490348.0,3603.0,10379366.0,3899513.0,2661708.0,Europe,14.081838495153608,9.16837188715368,2
Bulgaria,1296853,,38217,,1255662.0,,2974.0,27.0,189471.0,5584.0,11055587.0,1615228.0,6844597.0,Europe,14.07545111840189,10.551035721777897,2
Morocco,1272454,,16296,,1256091.0,,67.0,3.0,33687.0,431.0,12983320.0,343722.0,37772756.0,Africa,14.056457877441035,9.698674957906642,2
Croatia,1268992,,17971,,1250549.0,,472.0,10.0,312615.0,4427.0,5503682.0,1355825.0,4059286.0,Europe,14.053733442500137,9.796514626532023,2
Guatemala,1236406,,20173,,1215077.0,,1156.0,5.0,66531.0,1086.0,6925325.0,372649.0,18584039.0,North America,14.02771934202677,9.912100355634351,2
Lebanon,1231840,,10828,,1087587.0,,133425.0,74.0,184273.0,1620.0,4795578.0,717380.0,6684849.0,Asia,14.024019544511876,9.289890650734192,2
Costa Rica,1199055,,9214,,860711.0,,329130.0,52.0,231373.0,1778.0,4659757.0,899158.0,5182354.0,North America,13.997044304517216,9.128479345495862,2
Bolivia,1193009,,22365,,1157640.0,,13004.0,220.0,99478.0,1865.0,2705422.0,225590.0,11992656.0,South America,13.991989245058303,10.015252515866948,2
Tunisia,1150962,,29331,,,,,44.0,95542.0,2435.0,5002248.0,415240.0,12046656.0,Africa,13.956108672389254,10.286400256173781,2
Cuba,1112598,,8530,,1103977.0,,91.0,2.0,98411.0,754.0,14317478.0,1266400.0,11305652.0,North America,13.922208379030486,9.051344640485725,2
Ecuador,1056578,,36008,,1020570.0,,0.0,759.0,58331.0,1988.0,3082403.0,170173.0,18113361.0,South America,13.870545941992647,10.491496414972769,2
UAE,1052029,31.0,2349,,1035173.0,,14507.0,,104349.0,233.0,199225612.0,19760946.0,10081785.0,Asia,13.866231238439767,7.761744984658913,1
Uruguay,1034303,,7617,,1026186.0,,500.0,18.0,295852.0,2179.0,6114822.0,1749083.0,3496016.0,South America,13.849238327874112,8.938137870372788,2
Panama,1031273,,8604,,1022299.0,,370.0,16.0,231905.0,1935.0,7532271.0,1693801.0,4446964.0,North America,13.846304519412621,9.05998249038762,2
Mongolia,1007896,,2179,,1005711.0,,6.0,192.0,298364.0,645.0,4030048.0,1193000.0,3378078.0,Asia,13.82337554768741,7.68662133494462,1
Nepal,1001148,3.0,12020,,989117.0,,11.0,,33123.0,398.0,6013666.0,198959.0,30225582.0,Asia,13.816657899516159,9.394327208089198,2
Belarus,994037,,7118,,985592.0,,1327.0,,105381.0,755.0,13646641.0,1446722.0,9432800.0,Europe,13.80952970828598,8.870382066070137,2
Latvia,976031,32.0,6242,1.0,969467.0,32.0,322.0,13.0,527916.0,3376.0,7864859.0,4253949.0,1848837.0,Europe,13.7912496271859,8.739055922830724,2
Saudi Arabia,829478,,9615,,816729.0,,3134.0,34.0,23141.0,268.0,45144125.0,1259429.0,35844909.0,Asia,13.628551866259716,9.17107965802288,2
Azerbaijan,828588,40.0,10119,,818310.0,29.0,159.0,,80444.0,982.0,7526899.0,730752.0,10300205.0,Asia,13.627478326261338,9.222170123729759,2
Paraguay,808327,,19870,,,,,7.0,110641.0,2720.0,2657506.0,363751.0,7305843.0,South America,13.60272195860337,9.896966335545862,2
Bahrain,707480,,1548,,706013.0,,-81.0,6.0,396573.0,868.0,10737695.0,6018945.0,1783983.0,Asia,13.46946463954873,7.344719054149673,1
Sri Lanka,672030,,16830,,655198.0,,2.0,,31147.0,780.0,6486117.0,300619.0,21575842.0,Asia,13.418058261365967,9.730918287184851,2
Kuwait,663456,,2570,,660237.0,,649.0,,151463.0,587.0,8455743.0,1930391.0,4380326.0,Asia,13.405217815559231,7.851661177889265,1
Dominican Republic,660533,,4384,,644785.0,,11364.0,4.0,59742.0,397.0,3740928.0,338350.0,11056370.0,North America,13.400802363846337,8.385716828627851,1
Cyprus,649093,,1305,,642855.0,,4933.0,60.0,530570.0,1067.0,9640118.0,7879860.0,1223387.0,Asia,13.383331282800723,7.173958319756794,1
Myanmar,633918,,19490,,614399.0,,29.0,,11478.0,353.0,10053350.0,182036.0,55227143.0,Asia,13.35967488751511,9.877656792501606,2
Palestine,621008,,5404,,615445.0,,159.0,17.0,116173.0,1011.0,3078533.0,575907.0,5345541.0,Asia,13.339099243280303,8.59489469908009,1
Estonia,615119,,2940,,524990.0,,87189.0,3.0,465326.0,2224.0,3675293.0,2780290.0,1321910.0,Europe,13.32957102400569,7.986164860332727,1
Moldova,607450,3700.0,11988,14.0,504142.0,,91320.0,49.0,151364.0,2987.0,3216305.0,801437.0,4013171.0,Europe,13.317025146282889,9.391661428436555,2
Venezuela,551981,,5853,,545871.0,,257.0,36.0,18860.0,200.0,3359014.0,114771.0,29266991.0,South America,13.221268904376986,8.67470962929122,1
Egypt,515698,,24613,,442182.0,,48903.0,122.0,4858.0,232.0,3693367.0,34792.0,106156692.0,Africa,13.153276601807756,10.111030037621687,2
Libya,507174,,6437,,500734.0,,3.0,,72034.0,914.0,2483676.0,352758.0,7040745.0,Africa,13.136609418961568,8.769817872052617,1
China,503302,,5272,,379053.0,,118977.0,,347.0,4.0,160000000.0,110461.0,1448471400.0,Asia,13.128945666529653,8.570165076182343,1
Ethiopia,499986,,7572,,487246.0,,5168.0,1.0,4139.0,63.0,5488633.0,45431.0,120812698.0,Africa,13.122335377012321,8.932212512329214,1
Qatar,494271,104.0,686,,493138.0,122.0,447.0,30.0,165867.0,230.0,4065369.0,1364257.0,2979915.0,Asia,13.110839228749368,6.530877627725885,1
Réunion,486588,,921,,418572.0,,67095.0,10.0,535854.0,1014.0,1603660.0,1766027.0,908061.0,Africa,13.09517304811502,6.825460036255307,1
Honduras,472116,,11111,,,,,105.0,46190.0,1087.0,1633222.0,159787.0,10221247.0,North America,13.06497999708485,9.315690887584008,1
Armenia,446819,,8721,,435162.0,,2936.0,,150345.0,2934.0,3242901.0,1091164.0,2971966.0,Asia,13.009908869892554,9.073489189226986,1
Bosnia and Herzegovina,401575,,16278,,379084.0,,6213.0,,123588.0,5010.0,1884721.0,580036.0,3249317.0,Europe,12.903149594425967,9.697569781886987,2
Oman,399449,,4628,,384669.0,,10152.0,2.0,75028.0,869.0,25000000.0,4695724.0,5323993.0,Asia,12.897841376464822,8.439880088313567,1
North Macedonia,346852,,9662,,337068.0,,122.0,,166651.0,4642.0,2226216.0,1069626.0,2081304.0,Europe,12.756653454978169,9.175955945114351,1
Zambia,343012,,4057,,338660.0,,295.0,,17617.0,208.0,3934010.0,202053.0,19470234.0,Africa,12.745520710958841,8.308199063206446,1
Kenya,342912,,5688,,337198.0,,26.0,1.0,6100.0,101.0,3967062.0,70569.0,56215221.0,Africa,12.745229133464226,8.646113971483077,1
Albania,334391,,3596,,329145.0,,1650.0,,116660.0,1255.0,1941032.0,677173.0,2866374.0,Europe,12.7200662459549,8.18757739559151,1
Botswana,329727,,2801,,326868.0,,58.0,1.0,135070.0,1147.0,2026898.0,830300.0,2441162.0,Africa,12.706020318336467,7.937731775260109,1
Luxembourg,297757,,1133,,288991.0,,7633.0,,463528.0,1764.0,4412567.0,6869188.0,642371.0,Europe,12.60403299659695,7.0326242610280065,1
Montenegro,288280,,2804,,284712.0,,764.0,6.0,459081.0,4465.0,2716902.0,4326622.0,627950.0,Europe,12.571687509038377,7.938802248154481,1
Brunei,277992,,225,,243601.0,,34166.0,3.0,624097.0,505.0,717784.0,1611437.0,445431.0,Asia,12.535347615280292,5.41610040220442,1
Algeria,271441,,6881,,182793.0,,81767.0,,5985.0,152.0,230861.0,5091.0,45350148.0,Africa,12.511500083506734,8.83651926920248,1
Nigeria,266593,,3155,,259850.0,,3588.0,11.0,1230.0,15.0,5708974.0,26339.0,216746934.0,Africa,12.493478429817895,8.056743774975313,1
Zimbabwe,263921,,5663,,257205.0,,1053.0,12.0,17214.0,369.0,2525756.0,164744.0,15331428.0,Africa,12.483405094922263,8.641709066113805,1
Uzbekistan,250932,,1637,,241486.0,,7809.0,23.0,7298.0,48.0,1377915.0,40077.0,34382084.0,Asia,12.4329372650748,7.400620577371135,1
Mozambique,233098,,2242,,228805.0,,2051.0,11.0,7044.0,68.0,1371127.0,41437.0,33089461.0,Africa,12.35921424497846,7.715123603632105,1
Martinique,229807,,1098,,,,,12.0,614314.0,2935.0,828928.0,2215870.0,374087.0,North America,12.344995105203527,7.001245622069476,1
Laos,218015,,758,,,,,,29142.0,101.0,1233207.0,164845.0,7481023.0,Asia,12.292319146743559,6.630683385642372,1
Afghanistan,209340,17.0,7896,,191053.0,42.0,10391.0,45.0,5137.0,194.0,1201044.0,29470.0,40754388.0,Asia,12.251715003408874,8.974111581113318,1
Iceland,209093,,229,,,,,2.0,605377.0,663.0,1996384.0,5780036.0,345393.0,Europe,12.250534408051008,5.43372200355424,1
Kyrgyzstan,206633,,2991,,196406.0,,7236.0,131.0,30711.0,445.0,1907195.0,283460.0,6728271.0,Asia,12.238699551857186,8.003363058629947,1
Guadeloupe,201852,,1010,,,,,19.0,504890.0,2526.0,938039.0,2346306.0,399794.0,North America,12.215290034579782,6.917705609835305,1
El Salvador,201785,,4230,,179410.0,,18145.0,8.0,30805.0,646.0,2610114.0,398467.0,6550389.0,North America,12.214958053118146,8.349957272040324,1
Trinidad and Tobago,189296,,4347,,184553.0,,396.0,8.0,134578.0,3090.0,898169.0,638546.0,1406585.0,North America,12.151067206493444,8.377241230988792,1
Maldives,185732,,311,,163687.0,,21734.0,25.0,343322.0,575.0,2213831.0,4092223.0,540985.0,Asia,12.132060053443013,5.739792912179234,1
Ghana,171172,,1462,,169697.0,,13.0,2.0,5284.0,45.0,2529956.0,78096.0,32395450.0,Africa,12.050424177911921,7.2875606403097235,1
Namibia,171156,,4090,,166776.0,,290.0,,64983.0,1553.0,1062663.0,403460.0,2633874.0,Africa,12.050330700311422,8.316300249036848,1
Uganda,170504,,3630,,100431.0,,66443.0,3.0,3520.0,75.0,3012408.0,62198.0,48432863.0,Africa,12.046514035841074,8.196987927258897,1
Jamaica,154065,,3500,,102393.0,,48172.0,,51611.0,1172.0,1183986.0,396633.0,2985094.0,North America,11.945129870268014,8.160518247477505,1
Cambodia,138717,,3056,,135656.0,,5.0,,8080.0,178.0,3091420.0,180062.0,17168639.0,Asia,11.840191165482938,8.024862150286411,1
Rwanda,133180,,1468,,131634.0,,78.0,,9792.0,108.0,6021981.0,442778.0,13600464.0,Africa,11.799456875664614,7.291656209174461,1
Cameroon,124392,,1965,,122344.0,,83.0,13.0,4457.0,70.0,1751774.0,62762.0,27911548.0,Africa,11.731193148537653,7.583247524303362,1
Malta,117477,,827,,116028.0,,622.0,4.0,264568.0,1862.0,2117102.0,4767893.0,444033.0,Europe,11.673997848725008,6.717804695023691,1
Barbados,106645,,575,,106057.0,,13.0,,370266.0,1996.0,794426.0,2758203.0,288023.0,North America,11.577260840475123,6.354370040797351,1
Angola,105255,,1933,,103298.0,,24.0,,3005.0,55.0,1499795.0,42818.0,35027343.0,Africa,11.5641412563545,7.566828479208331,1
Channel Islands,101382,,227,,101029.0,,126.0,,574523.0,1286.0,1252808.0,7099551.0,176463.0,Europe,11.526650839588704,5.424950017481403,1
French Guiana,98041,,420,,11254.0,,86367.0,6.0,312065.0,1337.0,651257.0,2072951.0,314169.0,South America,11.493141037508432,6.040254711277414,1
DRC,95646,,1464,,84282.0,,9900.0,,1004.0,15.0,846704.0,8890.0,95240792.0,Africa,11.468409154861702,7.288927694521257,1
Senegal,88917,,1971,,86938.0,,8.0,,5037.0,112.0,1146543.0,64946.0,17653671.0,Africa,11.395458629317355,7.58629630715272,1
Malawi,88681,,2686,,85542.0,,453.0,67.0,4394.0,133.0,624784.0,30959.0,20180839.0,Africa,11.392800940166444,7.895808377083183,1
Ivory Coast,88197,,834,,87327.0,,36.0,,3179.0,30.0,1679087.0,60524.0,27742298.0,Africa,11.387328227810965,6.726233402358747,1
Suriname,82227,,1400,,,,,,137773.0,2346.0,240907.0,403644.0,596831.0,South America,11.31723899426403,7.24422751560335,1
New Caledonia,79881,,314,,79558.0,,9.0,9.0,274585.0,1079.0,98964.0,340182.0,290915.0,Australia/Oceania,11.28829330622956,5.749392985908253,1
French Polynesia,77957,,649,,,,,7.0,274338.0,2284.0,,,284164.0,Australia/Oceania,11.263912671608626,6.47543271670409,1
Eswatini,74199,,1423,,72726.0,,50.0,,62625.0,1201.0,1048704.0,885119.0,1184817.0,Africa,11.214505951975706,7.260522598089852,1
Guyana,73069,,1298,,71752.0,,19.0,,92021.0,1635.0,721841.0,909068.0,794045.0,South America,11.199159479184567,7.168579897264035,1
Belize,70757,,688,,70056.0,,13.0,6.0,171661.0,1669.0,576016.0,1397453.0,412190.0,North America,11.167006750540581,6.5337888379333435,1
Fiji,68889,,883,,66850.0,,1156.0,,75747.0,971.0,668445.0,734986.0,909466.0,Australia/Oceania,11.14025179258698,6.78332520060396,1
Madagascar,67865,,1422,,66433.0,,10.0,,2326.0,49.0,525461.0,18009.0,29178077.0,Africa,11.125275716732066,7.259819610363186,1
Sudan,63787,,5011,,58462.0,24.0,314.0,,1387.0,109.0,562941.0,12240.0,45992020.0,Africa,11.06330468681515,8.519390774959724,1
Mauritania,63667,,997,,62439.0,,231.0,,12988.0,203.0,1009957.0,206030.0,4901981.0,Africa,11.061421653949045,6.904750769961838,1
Cabo Verde,63244,,413,,62771.0,,60.0,23.0,111408.0,728.0,401622.0,707482.0,567678.0,Africa,11.054755540430035,6.023447592961033,1
Bhutan,62620,,21,,61564.0,,1035.0,,79473.0,27.0,2303734.0,2923739.0,787941.0,Asia,11.044839994880396,3.044522437723423,0
Syria,57467,,3164,,54303.0,,0.0,,2968.0,163.0,146269.0,7553.0,19364809.0,Asia,10.958966148990834,8.059592328887545,1
Burundi,53609,,38,,53569.0,,2.0,,4246.0,3.0,345742.0,27386.0,12624840.0,Africa,10.889472243411273,3.6375861597263857,0
Seychelles,50665,,172,,50440.0,,53.0,,509575.0,1730.0,,,99426.0,Africa,10.832990615882418,5.147494476813453,0
Gabon,48981,,306,,48674.0,,1.0,,21008.0,131.0,1621909.0,695641.0,2331533.0,Africa,10.799187746794274,5.723585101952381,1
Andorra,47866,,165,,47563.0,,138.0,14.0,617921.0,2130.0,249838.0,3225256.0,77463.0,Europe,10.77616071925456,5.10594547390058,0
Papua New Guinea,46792,,670,,43982.0,,2140.0,7.0,5036.0,72.0,249149.0,26813.0,9292169.0,Australia/Oceania,10.753467527122861,6.507277712385012,1
Curaçao,45986,,295,,44720.0,,971.0,3.0,277812.0,1782.0,496693.0,3000640.0,165529.0,North America,10.736092281321946,5.68697535633982,1
Aruba,44026,,236,,42438.0,,1352.0,2.0,409129.0,2193.0,177885.0,1653068.0,107609.0,North America,10.692535647473276,5.4638318050256105,0
Tanzania,42823,,846,,,,,7.0,677.0,13.0,,,63298550.0,Africa,10.664830620408827,6.740519359606223,1
Mayotte,42004,,188,,,,,,146734.0,657.0,176919.0,618038.0,286259.0,Africa,10.645520130825885,5.236441962829949,0
Mauritius,41717,,1043,,40012.0,,662.0,,32726.0,818.0,358675.0,281374.0,1274727.0,Africa,10.638663998571394,6.949856455000773,1
Togo,39377,,290,,39074.0,,13.0,,4536.0,33.0,808297.0,93113.0,8680837.0,Africa,10.580937168488774,5.66988092298052,0
Guinea,38267,,467,,37757.0,,43.0,8.0,2760.0,34.0,660107.0,47607.0,13865691.0,Africa,10.552343184962949,6.1463292576688975,1
Isle of Man,38008,,116,,,,,,443335.0,1353.0,150753.0,1758422.0,85732.0,Europe,10.545551942866757,4.7535901911063645,0
Bahamas,37491,,833,,36366.0,,292.0,1.0,93607.0,2080.0,257839.0,643767.0,400516.0,North America,10.531856183153893,6.725033642166843,1
Lesotho,34790,,723,,25980.0,,8087.0,,15990.0,332.0,431221.0,198199.0,2175699.0,Africa,10.457085268145988,6.583409222158765,1
Faeroe Islands,34658,,28,,,,,5.0,703959.0,569.0,778000.0,15802409.0,49233.0,Europe,10.45328385820019,3.332204510175204,0
Haiti,34143,,860,,33044.0,,239.0,,2923.0,74.0,132422.0,11337.0,11680283.0,North America,10.43831286595,6.756932389247553,1
Mali,33018,,743,,32107.0,,168.0,,1538.0,35.0,795705.0,37055.0,21473764.0,Africa,10.404808146287813,6.610696044717759,1
Cayman Islands,31472,,37,,8553.0,,22882.0,1.0,467797.0,550.0,222773.0,3311280.0,67277.0,North America,10.35685354062884,3.6109179126442243,0
Saint Lucia,29882,,409,,29095.0,,378.0,,161426.0,2209.0,210983.0,1139752.0,185113.0,North America,10.30501157141103,6.013715156042802,1
Benin,27990,,163,,27825.0,,2.0,,2189.0,13.0,604310.0,47268.0,12784726.0,Africa,10.2396025825095,5.093750200806762,0
Somalia,27324,,1361,,13182.0,,12781.0,,1622.0,81.0,400466.0,23778.0,16841795.0,Africa,10.21552071585174,7.215975002651466,1
Congo,25375,,386,,24006.0,,983.0,,4377.0,67.0,347815.0,59991.0,5797805.0,Africa,10.141519716344089,5.955837369464831,0
Solomon Islands,24575,,153,,,,,1.0,34077.0,212.0,,,721159.0,Australia/Oceania,10.109484945015367,5.030437921392435,0
Micronesia,23671,,60,,,,,1.0,201474.0,511.0,54967.0,467848.0,117489.0,Australia/Oceania,10.07200594918639,4.0943445622221,0
San Marino,23536,,122,,23276.0,,138.0,4.0,690509.0,3579.0,157634.0,4624732.0,34085.0,Europe,10.06628644284122,4.804021044733257,0
Timor-Leste,23418,,138,,23102.0,,178.0,,17101.0,101.0,278529.0,203391.0,1369429.0,Asia,10.06126023640867,4.927253685157205,0
Burkina Faso,22056,,396,,21596.0,,64.0,,998.0,18.0,248995.0,11265.0,22102838.0,Africa,10.001339952703633,5.981414211254481,0
Liechtenstein,21421,,89,,21294.0,,38.0,3.0,558027.0,2318.0,112457.0,2929559.0,38387.0,Europe,9.972127028252816,4.48863636973214,0
Gibraltar,20423,,111,,16579.0,,3733.0,,605952.0,3293.0,534283.0,15852213.0,33704.0,Europe,9.924416995717158,4.709530201312334,0
Grenada,19680,,238,,19358.0,,84.0,4.0,173430.0,2097.0,182981.0,1612523.0,113475.0,North America,9.887358170606245,5.472270673671475,0
Bermuda,18799,,160,,18632.0,,7.0,,303508.0,2583.0,1027337.0,16586270.0,61939.0,North America,9.841558955913962,5.075173815233827,0
Nicaragua,18491,,225,,4225.0,,14041.0,,2728.0,33.0,,,6779100.0,North America,9.825039406206987,5.41610040220442,0
South Sudan,18368,,138,,18115.0,,115.0,1.0,1581.0,12.0,410280.0,35313.0,11618511.0,Africa,9.818365299119293,4.927253685157205,0
Tajikistan,17786,,125,,17264.0,,397.0,,1786.0,13.0,,,9957464.0,Asia,9.786166909959585,4.8283137373023015,0
Equatorial Guinea,17229,,183,,16907.0,,139.0,5.0,11512.0,122.0,365697.0,244342.0,1496662.0,Africa,9.754349289532406,5.209486152841421,0
Tonga,16801,,13,,15638.0,,1150.0,,155927.0,121.0,535009.0,4965327.0,107749.0,Australia/Oceania,9.729193687429403,2.5649493574615367,0
Samoa,16607,,29,,1605.0,,14973.0,,82116.0,143.0,187397.0,926612.0,202239.0,Australia/Oceania,9.717579572206754,3.367295829986474,0
Monaco,16106,,67,,15992.0,,47.0,4.0,404846.0,1684.0,78646.0,1976875.0,39783.0,Europe,9.68694715235549,4.204692619390966,0
Dominica,15760,,74,,15673.0,,13.0,,217848.0,1023.0,229344.0,3170187.0,72344.0,North America,9.66523036341187,4.30406509320417,0
Djibouti,15690,,189,,15427.0,,74.0,,15441.0,186.0,305941.0,301094.0,1016097.0,Africa,9.660778845727078,5.241747015059643,0
Marshall Islands,15598,,17,,15528.0,,53.0,,259720.0,283.0,,,60057.0,Australia/Oceania,9.654897979890443,2.833213344056216,0
CAR,15368,,113,,15200.0,,55.0,2.0,3063.0,23.0,81294.0,16205.0,5016678.0,Africa,9.640042704448392,4.727387818712341,0
Gambia,12586,,372,,12189.0,,25.0,,4919.0,145.0,155686.0,60851.0,2558482.0,Africa,9.440340364086879,5.918893854273146,0
Saint Martin,12257,,63,,1399.0,,10795.0,7.0,308507.0,1586.0,112382.0,2828643.0,39730.0,North America,9.413852481341165,4.143134726391533,0
Vanuatu,12014,,14,,11976.0,,24.0,,37330.0,44.0,24976.0,77606.0,321832.0,Australia/Oceania,9.393827915410107,2.6390573296152584,0
Greenland,11971,,21,,2761.0,,9189.0,4.0,210117.0,369.0,164926.0,2894810.0,56973.0,North America,9.39024233725137,3.044522437723423,0
Yemen,11945,,2159,,9124.0,,662.0,23.0,383.0,69.0,329592.0,10579.0,31154867.0,Asia,9.38806805975991,7.677400430514807,1
Caribbean Netherlands,11672,,38,,10476.0,,1158.0,,438023.0,1426.0,30126.0,1130559.0,26647.0,North America,9.364948090202622,3.6375861597263857,0
Sint Maarten,11016,,91,,10905.0,,20.0,,250557.0,2070.0,62056.0,1411454.0,43966.0,North America,9.307104040408491,4.51085950651685,0
Eritrea,10189,,103,,10086.0,,0.0,,2782.0,28.0,23693.0,6470.0,3662244.0,Africa,9.229063985974285,4.634728988229636,0
Niger,9931,,312,,8890.0,,729.0,1.0,381.0,12.0,254538.0,9759.0,26083660.0,Africa,9.203416456903359,5.7430031878094825,0
St. Vincent Grenadines,9589,,123,,9466.0,,0.0,,85961.0,1103.0,113703.0,1019292.0,111551.0,North America,9.16837188715368,4.812184355372417,0
Antigua and Barbuda,9106,,146,,8954.0,,6.0,1.0,91509.0,1467.0,18901.0,189943.0,99509.0,North America,9.116688815894728,4.983606621708336,0
Comoros,8998,,161,,8837.0,,0.0,,9916.0,177.0,,,907419.0,Africa,9.104757609401117,5.081404364984463,0
Guinea-Bissau,8953,,176,,8660.0,,117.0,6.0,4339.0,85.0,145231.0,70385.0,2063367.0,Africa,9.099743950634156,5.170483995038151,0
Liberia,8077,,294,,7768.0,,15.0,2.0,1522.0,55.0,139824.0,26356.0,5305117.0,Africa,8.996775795442296,5.683579767338681,0
Sierra Leone,7760,,126,,,,,,934.0,15.0,259958.0,31296.0,8306436.0,Africa,8.956737613177264,4.836281906951478,0
Chad,7678,,194,,4874.0,,2610.0,,441.0,11.0,191341.0,10988.0,17413580.0,Africa,8.946114375560743,5.267858159063328,0
British Virgin Islands,7305,,64,,,,,,238757.0,2092.0,107339.0,3508269.0,30596.0,North America,8.8963143241848,4.1588830833596715,0
Cook Islands,7025,,2,,7012.0,,11.0,,399806.0,114.0,19690.0,1120596.0,17571.0,Australia/Oceania,8.857230494201946,0.6931471805599453,0
Saint Kitts and Nevis,6596,,47,,6547.0,,2.0,,122441.0,872.0,126931.0,2356203.0,53871.0,North America,8.794218683679489,3.8501476017100584,0
Turks and Caicos,6551,,38,,6491.0,,22.0,4.0,164842.0,956.0,611527.0,15387811.0,39741.0,North America,8.787372988731876,3.6375861597263857,0
Sao Tome and Principe,6281,,77,,6204.0,,0.0,,27587.0,338.0,29036.0,127530.0,227679.0,Africa,8.74528448245438,4.343805421853684,0
Palau,5988,,9,,5976.0,,3.0,,328416.0,494.0,69136.0,3791806.0,18233.0,Australia/Oceania,8.69751274553952,2.1972245773362196,0
St. Barth,5439,,6,,,,,,546908.0,603.0,78646.0,7908095.0,9945.0,North America,8.60135049942296,1.791759469228055,0
Nauru,5247,,1,,5075.0,,171.0,,481244.0,92.0,20509.0,1881042.0,10903.0,Australia/Oceania,8.565411763686711,0.0,0
Kiribati,5013,,18,,2703.0,,2292.0,3.0,40618.0,146.0,,,123419.0,Australia/Oceania,8.519789817263504,2.8903717578961645,0
Anguilla,3904,,12,,3879.0,,13.0,4.0,256336.0,788.0,51382.0,3373736.0,15230.0,North America,8.269756947532983,2.4849066497880004,0
Macao,3514,,121,,3391.0,4.0,2.0,,5264.0,181.0,7850.0,11760.0,667490.0,Asia,8.164510268747042,4.795790545596741,0
Saint Pierre Miquelon,3452,,2,,2449.0,,1001.0,1.0,599410.0,347.0,25400.0,4410488.0,5759.0,North America,8.146709052203319,0.6931471805599453,0
Wallis and Futuna,3427,,7,,438.0,,2982.0,,312056.0,637.0,20508.0,1867419.0,10982.0,Australia/Oceania,8.139440521874608,1.9459101490553132,0
Montserrat,1403,,8,,1376.0,,19.0,,282578.0,1611.0,17762.0,3577442.0,4965.0,North America,7.246368080102461,2.0794415416798357,0
Diamond Princess,712,,13,,699.0,,0.0,,,,,,,Other,6.568077911411976,2.5649493574615367,0
Western Sahara,10,,1,,9.0,,0.0,,16.0,2.0,,,626161.0,Africa,2.302585092994046,0.0,0
MS Zaandam,9,,2,,7.0,,0.0,,,,,,,Other,2.1972245773362196,0.6931471805599453,0
